{
    "respuestaCorta": "<div class='flex-row center flex-start wrap fW enunciado'><div class='flex-column center'><textarea id='idEnunciado'>Enunciado</textarea></div></div><div id='listActivities' class='flex-row center flex-start wrap fW'><div class='flex-row center multiopcion'><span class='header-start'></span><textarea id='idRespuesta' class='maximoarea maximoheigth'></textarea></div></div>",
    "respuestaEscoger": "<div class='flex-row center flex-start wrap fW enunciado'><div class='flex-column center'><textarea id='idEnunciado'>Enunciado</textarea></div></div><div id='listActivities' class='flex-row center flex-start wrap fW'><div class='flex-column'><div class='flex-row center multiopcion'><span class='header-start'>A.</span><textarea id='idRespuesta1' class='maximoarea maximoheigth'></textarea><button id='idDelete' class='buttonMini buttonDelete'><i class='fas fa-trash-alt'></i></button></div><div class='flex-row center multiopcion'><span class='header-start'>B.</span><textarea id='idRespuesta2' class='maximoarea maximoheigth'></textarea><button id='idDelete' class='buttonMini buttonDelete'><i class='fas fa-trash-alt'></i></button></div><div class='flex-row center'><button id='anadirRespuesta' class='buttonMini buttonAdd'><i class='fas fa-folder-plus'></i></button></div></div></div>",
    "respuestaMultiopcion": "<div class='flex-row center flex-start wrap fW enunciado'><div class='flex-column center'><textarea id='idEnunciado'>Enunciado</textarea></div></div><div id='listActivities' class='flex-row center flex-start wrap fW'><div class='flex-column centermulti'><div class='flex-row center multiopcion'><span class='header-start'>A.</span><textarea id='idRespuesta1' class='maximoarea maximoheigth'></textarea><button id='idDelete' class='buttonMini buttonDelete'><i class='fas fa-trash-alt'></i></button></div><div class='flex-row center multiopcion'><span class='header-start'>B.</span><textarea id='idRespuesta2' class='maximoarea maximoheigth'></textarea><button id='idDelete' class='buttonMini buttonDelete'><i class='fas fa-trash-alt'></i></button></div><div class='flex-row center multiopcion'><span class='header-start'>C.</span><textarea id='idRespuesta3' class='maximoarea maximoheigth'></textarea><button id='idDelete' class='buttonMini buttonDelete'><i class='fas fa-trash-alt'></i></button></div><div class='flex-row center'><button id='anadirRespuesta' class='buttonMini buttonAdd'><i class='fas fa-folder-plus'></i></button></div></div></div>",
    "respuestaOperacionesMatematicas": "<div class='flex-row center flex-start wrap fW enunciado'><div class='flex-column center'><textarea id='idEnunciado'>Enunciado</textarea></div></div><div id='listActivities' class='flex-row center flex-start wrap fW'><div class='flex-row wrap'><div class='flex-row center multiopcion'><span class='header-start'>A.</span><input id='idRespuesta1-0' class='item-m'></input><p class='t-m t-yusei m-r1 m-l1'>=</p><input id='idRespuesta1-1' class='item-ms'></input><button id='idDelete' class='buttonMini buttonDelete'><i class='fas fa-trash-alt'></i></button></div><div class='flex-row center multiopcion'><span class='header-start'>B.</span><input id='idRespuesta2-0' class='item-m'></input><p class='t-m t-yusei m-r1 m-l1'>=</p><input id='idRespuesta2-1' class='item-ms'></input><button id='idDelete' class='buttonMini buttonDelete'><i class='fas fa-trash-alt'></i></button></div><div class='flex-row center'><button id='anadirRespuesta' class='buttonMini buttonAdd'><i class='fas fa-folder-plus'></i></button></div></div></div>",
    "respuestaOrdenacion": "<div class='flex-row center flex-start wrap fW enunciado'><div class='flex-column center'><textarea id='idEnunciado'>Enunciado</textarea></div></div><div id='listActivities' class='flex-row center flex-start wrap fW'><div class='flex-row center multiopcion'><span class='header-start'>1.</span><textarea id='idRespuesta1' class='maximoarea maximoheigth'></textarea><button id='idDelete' class='buttonMini buttonDelete'><i class='fas fa-trash-alt'></i></button></div><div class='flex-row center multiopcion'><span class='header-start'>2.</span><textarea id='idRespuesta2' class='maximoarea maximoheigth'></textarea><button id='idDelete' class='buttonMini buttonDelete'><i class='fas fa-trash-alt'></i></button></div><div class='flex-row center multiopcion'><span class='header-start'>3.</span><textarea id='idRespuesta3' class='maximoarea maximoheigth'></textarea><button id='idDelete' class='buttonMini buttonDelete'><i class='fas fa-trash-alt'></i></button></div><div class='flex-row center'><button id='anadirRespuesta' class='buttonMini buttonAdd'><i class='fas fa-folder-plus'></i></button></div></div>",
    "respuestaArrastrarVacio": 
      "<div class='flex-row j-center flex-start wrap fW enunciado'><div class='enunciadoArrastrar'><p class='t-yusei'>Instrucciones de uso: Escriba primero el contenido del enunciado en el recuardo de abajo, una vez escrito, utilitze el boton que pone `Guardar Contenido`, y una vez realizado esto podras usar el raton para seleccionar las palabras que quieras que el alumno acierte haciendo simplemente click en ellas, de la misma manera podras revertir este proceso al hacer click</p><p id='enunciado1' class='p-1 t-yusei arrastrar' contenteditable='true'></p></div></div><button id='saveArrastrarText' class='flex-row space-between button buttonSmall'><div class='flex-column center fW has-text' data-text='guardar-texto-arrastrar'>Guardar Contenido</div><div class='flex-column center'><i class='fas fa-check-square'></i></div></button><div id='listActivities' class='flex-row center flex-start wrap fW'></div>",
    "respuestaRelacionar": "<div class='flex-row center flex-start wrap fW enunciado'><div class='flex-column center'><textarea id='idEnunciado'>Enunciado</textarea></div></div><div id='listActivities' class='flex-row center flex-start wrap fW'><div class='flex-column'><div class='flex-row'><div class='flex-row center multiopcion'><span class='header-start'>1.</span><textarea id='idRespuesta1-0'class='maximoarea maximoheigth'></textarea><button id='idDelete' class='buttonMini buttonDelete'><i class='fas fa-trash-alt'></i></button></div><div class='flex-row center multiopcion'><span class='header-start'>1.</span><textarea id='idRespuesta1-1' class='maximoarea maximoheigth'></textarea></div></div><div class='flex-row'><div class='flex-row center multiopcion'><span class='header-start'>2.</span><textarea id='idRespuesta2-0' class='maximoarea maximoheigth'></textarea><button id='idDelete' class='buttonMini buttonDelete'><i class='fas fa-trash-alt'></i></button></div><div class='flex-row center multiopcion'><span class='header-start'>2.</span><textarea id='idRespuesta2-1' class='maximoarea maximoheigth'></textarea></div></div><div class='flex-row'><div class='flex-row center multiopcion'><span class='header-start'>3.</span><textarea id='idRespuesta3-0' class='maximoarea maximoheigth'></textarea><button id='idDelete' class='buttonMini buttonDelete'><i class='fas fa-trash-alt'></i></button></div><div class='flex-row center multiopcion'><span class='header-start'>3.</span><textarea id='idRespuesta3-1' class='maximoarea maximoheigth'></textarea></div></div><div class='flex-row center'><button id='anadirRespuesta' class='buttonMini buttonAdd'><i class='fas fa-folder-plus'></i></button></div></div></div>",
    "respuestasMapaConceptual": "<div class='flex-row center flex-start wrap fW enunciado'><div class='flex-column center'><textarea id='idEnunciado'>Enunciado</textarea></div></div><div class='flex-row center flex-start wrap fW'><div id='mapaConceptualId' class='mapaConceptual flex-column center'><div id='foto'></div><input type='file' id='imagen'></div><div id='listActivities' class='flex-column center flex-start mapaConceptualRes'><div class='flex-row center multiopcion'><div id='foto'><input type='file' id='imagen'><p>X<span id='codx'></span></p><p>Y<span id='cody'></span></p></div><button id='idDelete' class='buttonMini buttonDelete'><i class='fas fa-trash-alt' aria-hidden='true'></i></button></div><div class='flex-row center multiopcion'><div id='foto'><input type='file' id='imagen'><p>X<span id='codx'></span></p><p>Y<span id='cody'></span></p></div><button id='idDelete' class='buttonMini buttonDelete'><i class='fas fa-trash-alt' aria-hidden='true'></i></button></div><div class='flex-row center multiopcion'><div id='foto'><input type='file' id='imagen'><p>X<span id='codx'></span></p><p>Y<span id='cody'></span></p></div><button id='idDelete' class='buttonMini buttonDelete'><i class='fas fa-trash-alt' aria-hidden='true'></i></button></div><div class='flex-row center'><button id='anadirRespuesta' class='buttonMini buttonAdd'><i class='fas fa-folder-plus'></i></button></div></div></div>"
}